Workbook

Sheet README
A1: Distributed Image Greyscale — Sequential vs. MPI
A2: Comparison workbook. Every derived figure is a live formula over the Raw Data sheet.
A4: SHEETS
A5: Raw Data | B5: Every measured run, one row per configuration. Blue = measured input. Source: results/benchmark.csv
A6: Compute Comparison | B6: Compute-phase time, speed-up and parallel efficiency vs. the sequential baseline.
A7: End-to-End Comparison | B7: Whole-program time including read, communication and write — what a user actually waits for.
A8: Overhead Analysis | B8: Communication and I/O cost set against the computation they were meant to accelerate.
A9: MPI Startup Cost | B9: Fixed cost of MPI_Init + MPI_Finalize, excluded from all timings above.
A11: HOW TO READ IT
A12: Blue figures | B12: Measured inputs. Change one and the workbook recalculates.
A13: Black figures | B13: Formulas derived from the blue inputs.
A14: Green / red fills | B14: Faster than sequential / slower than sequential.
A15: Compute speed-up | B15: T_sequential(compute) / T_parallel(compute) — judges the decomposition.
A16: End-to-end speed-up | B16: T_sequential(total) / T_parallel(total) — judges the program. The honest number.
A17: Efficiency | B17: Compute speed-up divided by process count. 100% = perfect scaling.
A19: METHOD
A20: Timing | B20: Kernel repeated 60x in-process; best of 9 whole-program trials. The minimum is used, not the mean.
A21: Parallel phases | B21: Reduced across ranks with MPI_MAX: a phase costs what its slowest rank costs.
A22: Repetition loop | B22: Subtracted from the total, so sequential and MPI totals are directly comparable.
A23: Correctness | B23: Every run re-verified byte-for-byte against the sequential output. See logs/02_correctness.log.
A25: EVIDENCE
A26: Raw program output | B26: 03_Logs_and_Data/logs/ — one untouched log per configuration.
A27: Written analysis | B27: REPORT.md, sections 5 and 6.
A28: Source data | B28: 03_Logs_and_Data/benchmark.csv, environment.txt

Sheet Raw Data
A1: Raw measurements
A2: All times in seconds, best of 9 trials. Measured inputs shown in blue — every other sheet is formulas over this one. Source: results/benchmark.csv
A4: mode | B4: procs | C4: width | D4: height | E4: pixels | F4: read_s | G4: scatter_s | H4: compute_s | I4: gather_s | J4: write_s | K4: total_s
A5: sequential | B5: 1 | C5: 1920 | D5: 1080 | E5: 2073600 | F5: 0.002314 | H5: 0.001881 | J5: 0.000823 | K5: 0.005018
A6: mpi-scatter | B6: 1 | C6: 1920 | D6: 1080 | E6: 2073600 | F6: 0.00295 | G6: 0.003266 | H6: 0.001868 | I6: 0.000971 | J6: 0.000804 | K6: 0.00988
A7: mpi-mpiio | B7: 1 | C7: 1920 | D7: 1080 | E7: 2073600 | F7: 0.00444 | G7: 0 | H7: 0.001877 | I7: 0 | J7: 0.001149 | K7: 0.007475
A8: mpi-scatter | B8: 2 | C8: 1920 | D8: 1080 | E8: 2073600 | F8: 0.002944 | G8: 0.003461 | H8: 0.000949 | I8: 0.001233 | J8: 0.00084 | K8: 0.009321
A9: mpi-mpiio | B9: 2 | C9: 1920 | D9: 1080 | E9: 2073600 | F9: 0.003485 | G9: 0 | H9: 0.000925 | I9: 0 | J9: 0.001275 | K9: 0.005696
A10: mpi-scatter | B10: 3 | C10: 1920 | D10: 1080 | E10: 2073600 | F10: 0.002992 | G10: 0.003598 | H10: 0.00061 | I10: 0.001593 | J10: 0.000809 | K10: 0.009108
A11: mpi-mpiio | B11: 3 | C11: 1920 | D11: 1080 | E11: 2073600 | F11: 0.006422 | G11: 0 | H11: 0.000616 | I11: 0 | J11: 0.002562 | K11: 0.009606
A12: mpi-scatter | B12: 4 | C12: 1920 | D12: 1080 | E12: 2073600 | F12: 0.003122 | G12: 0.003687 | H12: 0.000458 | I12: 0.002241 | J12: 0.000782 | K12: 0.009296
A13: mpi-mpiio | B13: 4 | C13: 1920 | D13: 1080 | E13: 2073600 | F13: 0.00658 | G13: 0 | H13: 0.000458 | I13: 0 | J13: 0.003456 | K13: 0.010492
A14: sequential | B14: 1 | C14: 3840 | D14: 2160 | E14: 8294400 | F14: 0.010439 | H14: 0.00784 | J14: 0.002839 | K14: 0.021118
A15: mpi-scatter | B15: 1 | C15: 3840 | D15: 2160 | E15: 8294400 | F15: 0.010997 | G15: 0.012844 | H15: 0.007741 | I15: 0.004212 | J15: 0.002594 | K15: 0.038425
A16: mpi-mpiio | B16: 1 | C16: 3840 | D16: 2160 | E16: 8294400 | F16: 0.012499 | G16: 0 | H16: 0.0077 | I16: 0 | J16: 0.002719 | K16: 0.02293
A17: mpi-scatter | B17: 2 | C17: 3840 | D17: 2160 | E17: 8294400 | F17: 0.011206 | G17: 0.013843 | H17: 0.003833 | I17: 0.004417 | J17: 0.002516 | K17: 0.035835
A18: mpi-mpiio | B18: 2 | C18: 3840 | D18: 2160 | E18: 8294400 | F18: 0.008793 | G18: 0 | H18: 0.003841 | I18: 0 | J18: 0.006577 | K18: 0.019207
A19: mpi-scatter | B19: 3 | C19: 3840 | D19: 2160 | E19: 8294400 | F19: 0.011091 | G19: 0.01321 | H19: 0.002518 | I19: 0.005946 | J19: 0.002581 | K19: 0.033479
A20: mpi-mpiio | B20: 3 | C20: 3840 | D20: 2160 | E20: 8294400 | F20: 0.018996 | G20: 0 | H20: 0.002528 | I20: 0 | J20: 0.008736 | K20: 0.030249
A21: mpi-scatter | B21: 4 | C21: 3840 | D21: 2160 | E21: 8294400 | F21: 0.011168 | G21: 0.014383 | H21: 0.001883 | I21: 0.008762 | J21: 0.002612 | K21: 0.034734
A22: mpi-mpiio | B22: 4 | C22: 3840 | D22: 2160 | E22: 8294400 | F22: 0.018469 | G22: 0 | H22: 0.001885 | I22: 0 | J22: 0.009648 | K22: 0.030012
A23: sequential | B23: 1 | C23: 7680 | D23: 4320 | E23: 33177600 | F23: 0.04498 | H23: 0.032642 | J23: 0.010561 | K23: 0.088183
A24: mpi-scatter | B24: 1 | C24: 7680 | D24: 4320 | E24: 33177600 | F24: 0.044394 | G24: 0.051057 | H24: 0.032741 | I24: 0.017207 | J24: 0.009398 | K24: 0.154851
A25: mpi-mpiio | B25: 1 | C25: 7680 | D25: 4320 | E25: 33177600 | F25: 0.045367 | G25: 0 | H25: 0.032118 | I25: 0 | J25: 0.009571 | K25: 0.087096
A26: mpi-scatter | B26: 2 | C26: 7680 | D26: 4320 | E26: 33177600 | F26: 0.045849 | G26: 0.050865 | H26: 0.016358 | I26: 0.016284 | J26: 0.009895 | K26: 0.13912
A27: mpi-mpiio | B27: 2 | C27: 7680 | D27: 4320 | E27: 33177600 | F27: 0.024978 | G27: 0 | H27: 0.016256 | I27: 0 | J27: 0.01068 | K27: 0.051928
A28: mpi-scatter | B28: 3 | C28: 7680 | D28: 4320 | E28: 33177600 | F28: 0.045882 | G28: 0.04869 | H28: 0.010851 | I28: 0.030952 | J28: 0.009844 | K28: 0.131128
A29: mpi-mpiio | B29: 3 | C29: 7680 | D29: 4320 | E29: 33177600 | F29: 0.090747 | G29: 0 | H29: 0.010876 | I29: 0 | J29: 0.048672 | K29: 0.150179
A30: mpi-scatter | B30: 4 | C30: 7680 | D30: 4320 | E30: 33177600 | F30: 0.044069 | G30: 0.048863 | H30: 0.008226 | I30: 0.035099 | J30: 0.010188 | K30: 0.12728
A31: mpi-mpiio | B31: 4 | C31: 7680 | D31: 4320 | E31: 33177600 | F31: 0.074951 | G31: 0 | H31: 0.008091 | I31: 0 | J31: 0.041115 | K31: 0.122616
A33: Empty scatter/gather cells: that phase does not exist in that mode (the sequential program and the MPI-IO path never move data between ranks).

Sheet Compute Comparison
A1: Compute phase — how well the decomposition scales
A2: Speed-up = sequential compute time / parallel compute time. Efficiency = speed-up / ranks. This measures the parallel work only; see 'End-to-End Comparison' for the whole program.
A4: 1920x1080 (2.1 MPixel)
A5: Mode | B5: Ranks | C5: Compute (ms) | D5: Speed-up | E5: Efficiency | F5: Ideal | G5: Comment
A6: Sequential baseline | B6: 1 | C6: ='Raw Data'!H5*1000 -> 1.881 | D6: 1 | E6: 1 | F6: 1
A7: MPI scatter/gather | B7: 1 | C7: ='Raw Data'!H6*1000 -> 1.868 | D7: ='Raw Data'!H5*1000/C7 -> 1.0069593 | E7: =D7/B7 -> 1.0069593 | F7: =B7 -> 1 | G7: =IF(E7>=1.02,"superlinear — cache effect",IF(E7>=0.95,"near-ideal scaling",IF(E7>=0.9,"good scaling","efficiency loss"))) -> near-ideal scaling
A8: MPI scatter/gather | B8: 2 | C8: ='Raw Data'!H8*1000 -> 0.949 | D8: ='Raw Data'!H5*1000/C8 -> 1.9820864 | E8: =D8/B8 -> 0.9910432 | F8: =B8 -> 2 | G8: =IF(E8>=1.02,"superlinear — cache effect",IF(E8>=0.95,"near-ideal scaling",IF(E8>=0.9,"good scaling","efficiency loss"))) -> near-ideal scaling
A9: MPI scatter/gather | B9: 3 | C9: ='Raw Data'!H10*1000 -> 0.61 | D9: ='Raw Data'!H5*1000/C9 -> 3.0836066 | E9: =D9/B9 -> 1.0278689 | F9: =B9 -> 3 | G9: =IF(E9>=1.02,"superlinear — cache effect",IF(E9>=0.95,"near-ideal scaling",IF(E9>=0.9,"good scaling","efficiency loss"))) -> superlinear — cache effect
A10: MPI scatter/gather | B10: 4 | C10: ='Raw Data'!H12*1000 -> 0.458 | D10: ='Raw Data'!H5*1000/C10 -> 4.1069869 | E10: =D10/B10 -> 1.0267467 | F10: =B10 -> 4 | G10: =IF(E10>=1.02,"superlinear — cache effect",IF(E10>=0.95,"near-ideal scaling",IF(E10>=0.9,"good scaling","efficiency loss"))) -> superlinear — cache effect
A11: MPI collective I/O | B11: 1 | C11: ='Raw Data'!H7*1000 -> 1.877 | D11: ='Raw Data'!H5*1000/C11 -> 1.0021311 | E11: =D11/B11 -> 1.0021311 | F11: =B11 -> 1 | G11: =IF(E11>=1.02,"superlinear — cache effect",IF(E11>=0.95,"near-ideal scaling",IF(E11>=0.9,"good scaling","efficiency loss"))) -> near-ideal scaling
A12: MPI collective I/O | B12: 2 | C12: ='Raw Data'!H9*1000 -> 0.925 | D12: ='Raw Data'!H5*1000/C12 -> 2.0335135 | E12: =D12/B12 -> 1.0167568 | F12: =B12 -> 2 | G12: =IF(E12>=1.02,"superlinear — cache effect",IF(E12>=0.95,"near-ideal scaling",IF(E12>=0.9,"good scaling","efficiency loss"))) -> near-ideal scaling
A13: MPI collective I/O | B13: 3 | C13: ='Raw Data'!H11*1000 -> 0.616 | D13: ='Raw Data'!H5*1000/C13 -> 3.0535714 | E13: =D13/B13 -> 1.0178571 | F13: =B13 -> 3 | G13: =IF(E13>=1.02,"superlinear — cache effect",IF(E13>=0.95,"near-ideal scaling",IF(E13>=0.9,"good scaling","efficiency loss"))) -> near-ideal scaling
A14: MPI collective I/O | B14: 4 | C14: ='Raw Data'!H13*1000 -> 0.458 | D14: ='Raw Data'!H5*1000/C14 -> 4.1069869 | E14: =D14/B14 -> 1.0267467 | F14: =B14 -> 4 | G14: =IF(E14>=1.02,"superlinear — cache effect",IF(E14>=0.95,"near-ideal scaling",IF(E14>=0.9,"good scaling","efficiency loss"))) -> superlinear — cache effect
A17: 3840x2160 (8.3 MPixel)
A18: Mode | B18: Ranks | C18: Compute (ms) | D18: Speed-up | E18: Efficiency | F18: Ideal | G18: Comment
A19: Sequential baseline | B19: 1 | C19: ='Raw Data'!H14*1000 -> 7.84 | D19: 1 | E19: 1 | F19: 1
A20: MPI scatter/gather | B20: 1 | C20: ='Raw Data'!H15*1000 -> 7.741 | D20: ='Raw Data'!H14*1000/C20 -> 1.012789 | E20: =D20/B20 -> 1.012789 | F20: =B20 -> 1 | G20: =IF(E20>=1.02,"superlinear — cache effect",IF(E20>=0.95,"near-ideal scaling",IF(E20>=0.9,"good scaling","efficiency loss"))) -> near-ideal scaling
A21: MPI scatter/gather | B21: 2 | C21: ='Raw Data'!H17*1000 -> 3.833 | D21: ='Raw Data'!H14*1000/C21 -> 2.0453953 | E21: =D21/B21 -> 1.0226976 | F21: =B21 -> 2 | G21: =IF(E21>=1.02,"superlinear — cache effect",IF(E21>=0.95,"near-ideal scaling",IF(E21>=0.9,"good scaling","efficiency loss"))) -> superlinear — cache effect
A22: MPI scatter/gather | B22: 3 | C22: ='Raw Data'!H19*1000 -> 2.518 | D22: ='Raw Data'!H14*1000/C22 -> 3.1135822 | E22: =D22/B22 -> 1.0378607 | F22: =B22 -> 3 | G22: =IF(E22>=1.02,"superlinear — cache effect",IF(E22>=0.95,"near-ideal scaling",IF(E22>=0.9,"good scaling","efficiency loss"))) -> superlinear — cache effect
A23: MPI scatter/gather | B23: 4 | C23: ='Raw Data'!H21*1000 -> 1.883 | D23: ='Raw Data'!H14*1000/C23 -> 4.1635688 | E23: =D23/B23 -> 1.0408922 | F23: =B23 -> 4 | G23: =IF(E23>=1.02,"superlinear — cache effect",IF(E23>=0.95,"near-ideal scaling",IF(E23>=0.9,"good scaling","efficiency loss"))) -> superlinear — cache effect
A24: MPI collective I/O | B24: 1 | C24: ='Raw Data'!H16*1000 -> 7.7 | D24: ='Raw Data'!H14*1000/C24 -> 1.0181818 | E24: =D24/B24 -> 1.0181818 | F24: =B24 -> 1 | G24: =IF(E24>=1.02,"superlinear — cache effect",IF(E24>=0.95,"near-ideal scaling",IF(E24>=0.9,"good scaling","efficiency loss"))) -> near-ideal scaling
A25: MPI collective I/O | B25: 2 | C25: ='Raw Data'!H18*1000 -> 3.841 | D25: ='Raw Data'!H14*1000/C25 -> 2.0411351 | E25: =D25/B25 -> 1.0205676 | F25: =B25 -> 2 | G25: =IF(E25>=1.02,"superlinear — cache effect",IF(E25>=0.95,"near-ideal scaling",IF(E25>=0.9,"good scaling","efficiency loss"))) -> superlinear — cache effect
A26: MPI collective I/O | B26: 3 | C26: ='Raw Data'!H20*1000 -> 2.528 | D26: ='Raw Data'!H14*1000/C26 -> 3.1012658 | E26: =D26/B26 -> 1.0337553 | F26: =B26 -> 3 | G26: =IF(E26>=1.02,"superlinear — cache effect",IF(E26>=0.95,"near-ideal scaling",IF(E26>=0.9,"good scaling","efficiency loss"))) -> superlinear — cache effect
A27: MPI collective I/O | B27: 4 | C27: ='Raw Data'!H22*1000 -> 1.885 | D27: ='Raw Data'!H14*1000/C27 -> 4.1591512 | E27: =D27/B27 -> 1.0397878 | F27: =B27 -> 4 | G27: =IF(E27>=1.02,"superlinear — cache effect",IF(E27>=0.95,"near-ideal scaling",IF(E27>=0.9,"good scaling","efficiency loss"))) -> superlinear — cache effect
A30: 7680x4320 (33.2 MPixel)
A31: Mode | B31: Ranks | C31: Compute (ms) | D31: Speed-up | E31: Efficiency | F31: Ideal | G31: Comment
A32: Sequential baseline | B32: 1 | C32: ='Raw Data'!H23*1000 -> 32.642 | D32: 1 | E32: 1 | F32: 1
A33: MPI scatter/gather | B33: 1 | C33: ='Raw Data'!H24*1000 -> 32.741 | D33: ='Raw Data'!H23*1000/C33 -> 0.99697627 | E33: =D33/B33 -> 0.99697627 | F33: =B33 -> 1 | G33: =IF(E33>=1.02,"superlinear — cache effect",IF(E33>=0.95,"near-ideal scaling",IF(E33>=0.9,"good scaling","efficiency loss"))) -> near-ideal scaling
A34: MPI scatter/gather | B34: 2 | C34: ='Raw Data'!H26*1000 -> 16.358 | D34: ='Raw Data'!H23*1000/C34 -> 1.9954762 | E34: =D34/B34 -> 0.99773811 | F34: =B34 -> 2 | G34: =IF(E34>=1.02,"superlinear — cache effect",IF(E34>=0.95,"near-ideal scaling",IF(E34>=0.9,"good scaling","efficiency loss"))) -> near-ideal scaling
A35: MPI scatter/gather | B35: 3 | C35: ='Raw Data'!H28*1000 -> 10.851 | D35: ='Raw Data'!H23*1000/C35 -> 3.008202 | E35: =D35/B35 -> 1.002734 | F35: =B35 -> 3 | G35: =IF(E35>=1.02,"superlinear — cache effect",IF(E35>=0.95,"near-ideal scaling",IF(E35>=0.9,"good scaling","efficiency loss"))) -> near-ideal scaling
A36: MPI scatter/gather | B36: 4 | C36: ='Raw Data'!H30*1000 -> 8.226 | D36: ='Raw Data'!H23*1000/C36 -> 3.9681498 | E36: =D36/B36 -> 0.99203744 | F36: =B36 -> 4 | G36: =IF(E36>=1.02,"superlinear — cache effect",IF(E36>=0.95,"near-ideal scaling",IF(E36>=0.9,"good scaling","efficiency loss"))) -> near-ideal scaling
A37: MPI collective I/O | B37: 1 | C37: ='Raw Data'!H25*1000 -> 32.118 | D37: ='Raw Data'!H23*1000/C37 -> 1.0163148 | E37: =D37/B37 -> 1.0163148 | F37: =B37 -> 1 | G37: =IF(E37>=1.02,"superlinear — cache effect",IF(E37>=0.95,"near-ideal scaling",IF(E37>=0.9,"good scaling","efficiency loss"))) -> near-ideal scaling
A38: MPI collective I/O | B38: 2 | C38: ='Raw Data'!H27*1000 -> 16.256 | D38: ='Raw Data'!H23*1000/C38 -> 2.007997 | E38: =D38/B38 -> 1.0039985 | F38: =B38 -> 2 | G38: =IF(E38>=1.02,"superlinear — cache effect",IF(E38>=0.95,"near-ideal scaling",IF(E38>=0.9,"good scaling","efficiency loss"))) -> near-ideal scaling
A39: MPI collective I/O | B39: 3 | C39: ='Raw Data'!H29*1000 -> 10.876 | D39: ='Raw Data'!H23*1000/C39 -> 3.0012872 | E39: =D39/B39 -> 1.0004291 | F39: =B39 -> 3 | G39: =IF(E39>=1.02,"superlinear — cache effect",IF(E39>=0.95,"near-ideal scaling",IF(E39>=0.9,"good scaling","efficiency loss"))) -> near-ideal scaling
A40: MPI collective I/O | B40: 4 | C40: ='Raw Data'!H31*1000 -> 8.091 | D40: ='Raw Data'!H23*1000/C40 -> 4.0343592 | E40: =D40/B40 -> 1.0085898 | F40: =B40 -> 4 | G40: =IF(E40>=1.02,"superlinear — cache effect",IF(E40>=0.95,"near-ideal scaling",IF(E40>=0.9,"good scaling","efficiency loss"))) -> near-ideal scaling

Sheet End-to-End Comparison
A1: Whole program — what the user actually waits for
A2: Read + communication + compute + write. A speed-up below 1.00x means the parallel program is SLOWER than the sequential one. Green = faster, red = slower.
A4: 1920x1080
A5: Mode | B5: Ranks | C5: I/O (ms) | D5: Comm (ms) | E5: Compute (ms) | F5: Total (ms) | G5: Speed-up | H5: Verdict
A6: Sequential baseline | B6: 1 | C6: =('Raw Data'!F5+'Raw Data'!J5)*1000 -> 3.137 | D6: 0 | E6: ='Raw Data'!H5*1000 -> 1.881 | F6: ='Raw Data'!K5*1000 -> 5.018 | G6: 1 | H6: baseline
A7: MPI scatter/gather | B7: 1 | C7: =('Raw Data'!F6+'Raw Data'!J6)*1000 -> 3.754 | D7: =(N('Raw Data'!G6)+N('Raw Data'!I6))*1000 -> 4.237 | E7: ='Raw Data'!H6*1000 -> 1.868 | F7: ='Raw Data'!K6*1000 -> 9.88 | G7: ='Raw Data'!K5*1000/F7 -> 0.50789474 | H7: =IF(G7>=1,"faster than sequential","SLOWER than sequential") -> SLOWER than sequential
A8: MPI scatter/gather | B8: 2 | C8: =('Raw Data'!F8+'Raw Data'!J8)*1000 -> 3.784 | D8: =(N('Raw Data'!G8)+N('Raw Data'!I8))*1000 -> 4.694 | E8: ='Raw Data'!H8*1000 -> 0.949 | F8: ='Raw Data'!K8*1000 -> 9.321 | G8: ='Raw Data'!K5*1000/F8 -> 0.53835425 | H8: =IF(G8>=1,"faster than sequential","SLOWER than sequential") -> SLOWER than sequential
A9: MPI scatter/gather | B9: 3 | C9: =('Raw Data'!F10+'Raw Data'!J10)*1000 -> 3.801 | D9: =(N('Raw Data'!G10)+N('Raw Data'!I10))*1000 -> 5.191 | E9: ='Raw Data'!H10*1000 -> 0.61 | F9: ='Raw Data'!K10*1000 -> 9.108 | G9: ='Raw Data'!K5*1000/F9 -> 0.55094422 | H9: =IF(G9>=1,"faster than sequential","SLOWER than sequential") -> SLOWER than sequential
A10: MPI scatter/gather | B10: 4 | C10: =('Raw Data'!F12+'Raw Data'!J12)*1000 -> 3.904 | D10: =(N('Raw Data'!G12)+N('Raw Data'!I12))*1000 -> 5.928 | E10: ='Raw Data'!H12*1000 -> 0.458 | F10: ='Raw Data'!K12*1000 -> 9.296 | G10: ='Raw Data'!K5*1000/F10 -> 0.53980207 | H10: =IF(G10>=1,"faster than sequential","SLOWER than sequential") -> SLOWER than sequential
A11: MPI collective I/O | B11: 1 | C11: =('Raw Data'!F7+'Raw Data'!J7)*1000 -> 5.589 | D11: =(N('Raw Data'!G7)+N('Raw Data'!I7))*1000 -> 0 | E11: ='Raw Data'!H7*1000 -> 1.877 | F11: ='Raw Data'!K7*1000 -> 7.475 | G11: ='Raw Data'!K5*1000/F11 -> 0.67130435 | H11: =IF(G11>=1,"faster than sequential","SLOWER than sequential") -> SLOWER than sequential
A12: MPI collective I/O | B12: 2 | C12: =('Raw Data'!F9+'Raw Data'!J9)*1000 -> 4.76 | D12: =(N('Raw Data'!G9)+N('Raw Data'!I9))*1000 -> 0 | E12: ='Raw Data'!H9*1000 -> 0.925 | F12: ='Raw Data'!K9*1000 -> 5.696 | G12: ='Raw Data'!K5*1000/F12 -> 0.8809691 | H12: =IF(G12>=1,"faster than sequential","SLOWER than sequential") -> SLOWER than sequential
A13: MPI collective I/O | B13: 3 | C13: =('Raw Data'!F11+'Raw Data'!J11)*1000 -> 8.984 | D13: =(N('Raw Data'!G11)+N('Raw Data'!I11))*1000 -> 0 | E13: ='Raw Data'!H11*1000 -> 0.616 | F13: ='Raw Data'!K11*1000 -> 9.606 | G13: ='Raw Data'!K5*1000/F13 -> 0.52238184 | H13: =IF(G13>=1,"faster than sequential","SLOWER than sequential") -> SLOWER than sequential
A14: MPI collective I/O | B14: 4 | C14: =('Raw Data'!F13+'Raw Data'!J13)*1000 -> 10.036 | D14: =(N('Raw Data'!G13)+N('Raw Data'!I13))*1000 -> 0 | E14: ='Raw Data'!H13*1000 -> 0.458 | F14: ='Raw Data'!K13*1000 -> 10.492 | G14: ='Raw Data'!K5*1000/F14 -> 0.47826916 | H14: =IF(G14>=1,"faster than sequential","SLOWER than sequential") -> SLOWER than sequential
A17: 3840x2160
A18: Mode | B18: Ranks | C18: I/O (ms) | D18: Comm (ms) | E18: Compute (ms) | F18: Total (ms) | G18: Speed-up | H18: Verdict
A19: Sequential baseline | B19: 1 | C19: =('Raw Data'!F14+'Raw Data'!J14)*1000 -> 13.278 | D19: 0 | E19: ='Raw Data'!H14*1000 -> 7.84 | F19: ='Raw Data'!K14*1000 -> 21.118 | G19: 1 | H19: baseline
A20: MPI scatter/gather | B20: 1 | C20: =('Raw Data'!F15+'Raw Data'!J15)*1000 -> 13.591 | D20: =(N('Raw Data'!G15)+N('Raw Data'!I15))*1000 -> 17.056 | E20: ='Raw Data'!H15*1000 -> 7.741 | F20: ='Raw Data'!K15*1000 -> 38.425 | G20: ='Raw Data'!K14*1000/F20 -> 0.54959011 | H20: =IF(G20>=1,"faster than sequential","SLOWER than sequential") -> SLOWER than sequential
A21: MPI scatter/gather | B21: 2 | C21: =('Raw Data'!F17+'Raw Data'!J17)*1000 -> 13.722 | D21: =(N('Raw Data'!G17)+N('Raw Data'!I17))*1000 -> 18.26 | E21: ='Raw Data'!H17*1000 -> 3.833 | F21: ='Raw Data'!K17*1000 -> 35.835 | G21: ='Raw Data'!K14*1000/F21 -> 0.58931213 | H21: =IF(G21>=1,"faster than sequential","SLOWER than sequential") -> SLOWER than sequential
A22: MPI scatter/gather | B22: 3 | C22: =('Raw Data'!F19+'Raw Data'!J19)*1000 -> 13.672 | D22: =(N('Raw Data'!G19)+N('Raw Data'!I19))*1000 -> 19.156 | E22: ='Raw Data'!H19*1000 -> 2.518 | F22: ='Raw Data'!K19*1000 -> 33.479 | G22: ='Raw Data'!K14*1000/F22 -> 0.63078348 | H22: =IF(G22>=1,"faster than sequential","SLOWER than sequential") -> SLOWER than sequential
A23: MPI scatter/gather | B23: 4 | C23: =('Raw Data'!F21+'Raw Data'!J21)*1000 -> 13.78 | D23: =(N('Raw Data'!G21)+N('Raw Data'!I21))*1000 -> 23.145 | E23: ='Raw Data'!H21*1000 -> 1.883 | F23: ='Raw Data'!K21*1000 -> 34.734 | G23: ='Raw Data'!K14*1000/F23 -> 0.60799217 | H23: =IF(G23>=1,"faster than sequential","SLOWER than sequential") -> SLOWER than sequential
A24: MPI collective I/O | B24: 1 | C24: =('Raw Data'!F16+'Raw Data'!J16)*1000 -> 15.218 | D24: =(N('Raw Data'!G16)+N('Raw Data'!I16))*1000 -> 0 | E24: ='Raw Data'!H16*1000 -> 7.7 | F24: ='Raw Data'!K16*1000 -> 22.93 | G24: ='Raw Data'!K14*1000/F24 -> 0.92097689 | H24: =IF(G24>=1,"faster than sequential","SLOWER than sequential") -> SLOWER than sequential
A25: MPI collective I/O | B25: 2 | C25: =('Raw Data'!F18+'Raw Data'!J18)*1000 -> 15.37 | D25: =(N('Raw Data'!G18)+N('Raw Data'!I18))*1000 -> 0 | E25: ='Raw Data'!H18*1000 -> 3.841 | F25: ='Raw Data'!K18*1000 -> 19.207 | G25: ='Raw Data'!K14*1000/F25 -> 1.099495 | H25: =IF(G25>=1,"faster than sequential","SLOWER than sequential") -> faster than sequential
A26: MPI collective I/O | B26: 3 | C26: =('Raw Data'!F20+'Raw Data'!J20)*1000 -> 27.732 | D26: =(N('Raw Data'!G20)+N('Raw Data'!I20))*1000 -> 0 | E26: ='Raw Data'!H20*1000 -> 2.528 | F26: ='Raw Data'!K20*1000 -> 30.249 | G26: ='Raw Data'!K14*1000/F26 -> 0.69813878 | H26: =IF(G26>=1,"faster than sequential","SLOWER than sequential") -> SLOWER than sequential
A27: MPI collective I/O | B27: 4 | C27: =('Raw Data'!F22+'Raw Data'!J22)*1000 -> 28.117 | D27: =(N('Raw Data'!G22)+N('Raw Data'!I22))*1000 -> 0 | E27: ='Raw Data'!H22*1000 -> 1.885 | F27: ='Raw Data'!K22*1000 -> 30.012 | G27: ='Raw Data'!K14*1000/F27 -> 0.70365187 | H27: =IF(G27>=1,"faster than sequential","SLOWER than sequential") -> SLOWER than sequential
A30: 7680x4320
A31: Mode | B31: Ranks | C31: I/O (ms) | D31: Comm (ms) | E31: Compute (ms) | F31: Total (ms) | G31: Speed-up | H31: Verdict
A32: Sequential baseline | B32: 1 | C32: =('Raw Data'!F23+'Raw Data'!J23)*1000 -> 55.541 | D32: 0 | E32: ='Raw Data'!H23*1000 -> 32.642 | F32: ='Raw Data'!K23*1000 -> 88.183 | G32: 1 | H32: baseline
A33: MPI scatter/gather | B33: 1 | C33: =('Raw Data'!F24+'Raw Data'!J24)*1000 -> 53.792 | D33: =(N('Raw Data'!G24)+N('Raw Data'!I24))*1000 -> 68.264 | E33: ='Raw Data'!H24*1000 -> 32.741 | F33: ='Raw Data'!K24*1000 -> 154.851 | G33: ='Raw Data'!K23*1000/F33 -> 0.56947001 | H33: =IF(G33>=1,"faster than sequential","SLOWER than sequential") -> SLOWER than sequential
A34: MPI scatter/gather | B34: 2 | C34: =('Raw Data'!F26+'Raw Data'!J26)*1000 -> 55.744 | D34: =(N('Raw Data'!G26)+N('Raw Data'!I26))*1000 -> 67.149 | E34: ='Raw Data'!H26*1000 -> 16.358 | F34: ='Raw Data'!K26*1000 -> 139.12 | G34: ='Raw Data'!K23*1000/F34 -> 0.63386285 | H34: =IF(G34>=1,"faster than sequential","SLOWER than sequential") -> SLOWER than sequential
A35: MPI scatter/gather | B35: 3 | C35: =('Raw Data'!F28+'Raw Data'!J28)*1000 -> 55.726 | D35: =(N('Raw Data'!G28)+N('Raw Data'!I28))*1000 -> 79.642 | E35: ='Raw Data'!H28*1000 -> 10.851 | F35: ='Raw Data'!K28*1000 -> 131.128 | G35: ='Raw Data'!K23*1000/F35 -> 0.67249558 | H35: =IF(G35>=1,"faster than sequential","SLOWER than sequential") -> SLOWER than sequential
A36: MPI scatter/gather | B36: 4 | C36: =('Raw Data'!F30+'Raw Data'!J30)*1000 -> 54.257 | D36: =(N('Raw Data'!G30)+N('Raw Data'!I30))*1000 -> 83.962 | E36: ='Raw Data'!H30*1000 -> 8.226 | F36: ='Raw Data'!K30*1000 -> 127.28 | G36: ='Raw Data'!K23*1000/F36 -> 0.69282684 | H36: =IF(G36>=1,"faster than sequential","SLOWER than sequential") -> SLOWER than sequential
A37: MPI collective I/O | B37: 1 | C37: =('Raw Data'!F25+'Raw Data'!J25)*1000 -> 54.938 | D37: =(N('Raw Data'!G25)+N('Raw Data'!I25))*1000 -> 0 | E37: ='Raw Data'!H25*1000 -> 32.118 | F37: ='Raw Data'!K25*1000 -> 87.096 | G37: ='Raw Data'!K23*1000/F37 -> 1.0124805 | H37: =IF(G37>=1,"faster than sequential","SLOWER than sequential") -> faster than sequential
A38: MPI collective I/O | B38: 2 | C38: =('Raw Data'!F27+'Raw Data'!J27)*1000 -> 35.658 | D38: =(N('Raw Data'!G27)+N('Raw Data'!I27))*1000 -> 0 | E38: ='Raw Data'!H27*1000 -> 16.256 | F38: ='Raw Data'!K27*1000 -> 51.928 | G38: ='Raw Data'!K23*1000/F38 -> 1.6981782 | H38: =IF(G38>=1,"faster than sequential","SLOWER than sequential") -> faster than sequential
A39: MPI collective I/O | B39: 3 | C39: =('Raw Data'!F29+'Raw Data'!J29)*1000 -> 139.419 | D39: =(N('Raw Data'!G29)+N('Raw Data'!I29))*1000 -> 0 | E39: ='Raw Data'!H29*1000 -> 10.876 | F39: ='Raw Data'!K29*1000 -> 150.179 | G39: ='Raw Data'!K23*1000/F39 -> 0.58718596 | H39: =IF(G39>=1,"faster than sequential","SLOWER than sequential") -> SLOWER than sequential
A40: MPI collective I/O | B40: 4 | C40: =('Raw Data'!F31+'Raw Data'!J31)*1000 -> 116.066 | D40: =(N('Raw Data'!G31)+N('Raw Data'!I31))*1000 -> 0 | E40: ='Raw Data'!H31*1000 -> 8.091 | F40: ='Raw Data'!K31*1000 -> 122.616 | G40: ='Raw Data'!K23*1000/F40 -> 0.7191802 | H40: =IF(G40>=1,"faster than sequential","SLOWER than sequential") -> SLOWER than sequential

Sheet Overhead Analysis
A1: Does the data movement cost more than the work it distributes?
A2: The kernel is memory-bandwidth bound (1.5 ops per byte). If moving the image costs more than converting it, no amount of compute scaling can win. Ratio > 1.00 means the communication alone exceeds the entire sequential computation.
A4: Resolution | B4: Mode | C4: Ranks | D4: Seq. compute (ms) | E4: Communication (ms) | F4: Parallel compute (ms) | G4: Comm / seq compute | H4: Conclusion
A5: 1920x1080 | B5: MPI scatter/gather | C5: 1 | D5: ='Raw Data'!H5*1000 -> 1.881 | E5: =(N('Raw Data'!G6)+N('Raw Data'!I6))*1000 -> 4.237 | F5: ='Raw Data'!H6*1000 -> 1.868 | G5: =IF(E5=0,0,E5/D5) -> 2.2525253 | H5: =IF(E5=0,"no data movement at all",IF(G5>1,"communication exceeds the work","communication is affordable")) -> communication exceeds the work
A6: 1920x1080 | B6: MPI scatter/gather | C6: 2 | D6: ='Raw Data'!H5*1000 -> 1.881 | E6: =(N('Raw Data'!G8)+N('Raw Data'!I8))*1000 -> 4.694 | F6: ='Raw Data'!H8*1000 -> 0.949 | G6: =IF(E6=0,0,E6/D6) -> 2.4954811 | H6: =IF(E6=0,"no data movement at all",IF(G6>1,"communication exceeds the work","communication is affordable")) -> communication exceeds the work
A7: 1920x1080 | B7: MPI scatter/gather | C7: 3 | D7: ='Raw Data'!H5*1000 -> 1.881 | E7: =(N('Raw Data'!G10)+N('Raw Data'!I10))*1000 -> 5.191 | F7: ='Raw Data'!H10*1000 -> 0.61 | G7: =IF(E7=0,0,E7/D7) -> 2.7597023 | H7: =IF(E7=0,"no data movement at all",IF(G7>1,"communication exceeds the work","communication is affordable")) -> communication exceeds the work
A8: 1920x1080 | B8: MPI scatter/gather | C8: 4 | D8: ='Raw Data'!H5*1000 -> 1.881 | E8: =(N('Raw Data'!G12)+N('Raw Data'!I12))*1000 -> 5.928 | F8: ='Raw Data'!H12*1000 -> 0.458 | G8: =IF(E8=0,0,E8/D8) -> 3.1515152 | H8: =IF(E8=0,"no data movement at all",IF(G8>1,"communication exceeds the work","communication is affordable")) -> communication exceeds the work
A9: 1920x1080 | B9: MPI collective I/O | C9: 1 | D9: ='Raw Data'!H5*1000 -> 1.881 | E9: =(N('Raw Data'!G7)+N('Raw Data'!I7))*1000 -> 0 | F9: ='Raw Data'!H7*1000 -> 1.877 | G9: =IF(E9=0,0,E9/D9) -> 0 | H9: =IF(E9=0,"no data movement at all",IF(G9>1,"communication exceeds the work","communication is affordable")) -> no data movement at all
A10: 1920x1080 | B10: MPI collective I/O | C10: 2 | D10: ='Raw Data'!H5*1000 -> 1.881 | E10: =(N('Raw Data'!G9)+N('Raw Data'!I9))*1000 -> 0 | F10: ='Raw Data'!H9*1000 -> 0.925 | G10: =IF(E10=0,0,E10/D10) -> 0 | H10: =IF(E10=0,"no data movement at all",IF(G10>1,"communication exceeds the work","communication is affordable")) -> no data movement at all
A11: 1920x1080 | B11: MPI collective I/O | C11: 3 | D11: ='Raw Data'!H5*1000 -> 1.881 | E11: =(N('Raw Data'!G11)+N('Raw Data'!I11))*1000 -> 0 | F11: ='Raw Data'!H11*1000 -> 0.616 | G11: =IF(E11=0,0,E11/D11) -> 0 | H11: =IF(E11=0,"no data movement at all",IF(G11>1,"communication exceeds the work","communication is affordable")) -> no data movement at all
A12: 1920x1080 | B12: MPI collective I/O | C12: 4 | D12: ='Raw Data'!H5*1000 -> 1.881 | E12: =(N('Raw Data'!G13)+N('Raw Data'!I13))*1000 -> 0 | F12: ='Raw Data'!H13*1000 -> 0.458 | G12: =IF(E12=0,0,E12/D12) -> 0 | H12: =IF(E12=0,"no data movement at all",IF(G12>1,"communication exceeds the work","communication is affordable")) -> no data movement at all
A13: 3840x2160 | B13: MPI scatter/gather | C13: 1 | D13: ='Raw Data'!H14*1000 -> 7.84 | E13: =(N('Raw Data'!G15)+N('Raw Data'!I15))*1000 -> 17.056 | F13: ='Raw Data'!H15*1000 -> 7.741 | G13: =IF(E13=0,0,E13/D13) -> 2.1755102 | H13: =IF(E13=0,"no data movement at all",IF(G13>1,"communication exceeds the work","communication is affordable")) -> communication exceeds the work
A14: 3840x2160 | B14: MPI scatter/gather | C14: 2 | D14: ='Raw Data'!H14*1000 -> 7.84 | E14: =(N('Raw Data'!G17)+N('Raw Data'!I17))*1000 -> 18.26 | F14: ='Raw Data'!H17*1000 -> 3.833 | G14: =IF(E14=0,0,E14/D14) -> 2.3290816 | H14: =IF(E14=0,"no data movement at all",IF(G14>1,"communication exceeds the work","communication is affordable")) -> communication exceeds the work
A15: 3840x2160 | B15: MPI scatter/gather | C15: 3 | D15: ='Raw Data'!H14*1000 -> 7.84 | E15: =(N('Raw Data'!G19)+N('Raw Data'!I19))*1000 -> 19.156 | F15: ='Raw Data'!H19*1000 -> 2.518 | G15: =IF(E15=0,0,E15/D15) -> 2.4433673 | H15: =IF(E15=0,"no data movement at all",IF(G15>1,"communication exceeds the work","communication is affordable")) -> communication exceeds the work
A16: 3840x2160 | B16: MPI scatter/gather | C16: 4 | D16: ='Raw Data'!H14*1000 -> 7.84 | E16: =(N('Raw Data'!G21)+N('Raw Data'!I21))*1000 -> 23.145 | F16: ='Raw Data'!H21*1000 -> 1.883 | G16: =IF(E16=0,0,E16/D16) -> 2.9521684 | H16: =IF(E16=0,"no data movement at all",IF(G16>1,"communication exceeds the work","communication is affordable")) -> communication exceeds the work
A17: 3840x2160 | B17: MPI collective I/O | C17: 1 | D17: ='Raw Data'!H14*1000 -> 7.84 | E17: =(N('Raw Data'!G16)+N('Raw Data'!I16))*1000 -> 0 | F17: ='Raw Data'!H16*1000 -> 7.7 | G17: =IF(E17=0,0,E17/D17) -> 0 | H17: =IF(E17=0,"no data movement at all",IF(G17>1,"communication exceeds the work","communication is affordable")) -> no data movement at all
A18: 3840x2160 | B18: MPI collective I/O | C18: 2 | D18: ='Raw Data'!H14*1000 -> 7.84 | E18: =(N('Raw Data'!G18)+N('Raw Data'!I18))*1000 -> 0 | F18: ='Raw Data'!H18*1000 -> 3.841 | G18: =IF(E18=0,0,E18/D18) -> 0 | H18: =IF(E18=0,"no data movement at all",IF(G18>1,"communication exceeds the work","communication is affordable")) -> no data movement at all
A19: 3840x2160 | B19: MPI collective I/O | C19: 3 | D19: ='Raw Data'!H14*1000 -> 7.84 | E19: =(N('Raw Data'!G20)+N('Raw Data'!I20))*1000 -> 0 | F19: ='Raw Data'!H20*1000 -> 2.528 | G19: =IF(E19=0,0,E19/D19) -> 0 | H19: =IF(E19=0,"no data movement at all",IF(G19>1,"communication exceeds the work","communication is affordable")) -> no data movement at all
A20: 3840x2160 | B20: MPI collective I/O | C20: 4 | D20: ='Raw Data'!H14*1000 -> 7.84 | E20: =(N('Raw Data'!G22)+N('Raw Data'!I22))*1000 -> 0 | F20: ='Raw Data'!H22*1000 -> 1.885 | G20: =IF(E20=0,0,E20/D20) -> 0 | H20: =IF(E20=0,"no data movement at all",IF(G20>1,"communication exceeds the work","communication is affordable")) -> no data movement at all
A21: 7680x4320 | B21: MPI scatter/gather | C21: 1 | D21: ='Raw Data'!H23*1000 -> 32.642 | E21: =(N('Raw Data'!G24)+N('Raw Data'!I24))*1000 -> 68.264 | F21: ='Raw Data'!H24*1000 -> 32.741 | G21: =IF(E21=0,0,E21/D21) -> 2.0912934 | H21: =IF(E21=0,"no data movement at all",IF(G21>1,"communication exceeds the work","communication is affordable")) -> communication exceeds the work
A22: 7680x4320 | B22: MPI scatter/gather | C22: 2 | D22: ='Raw Data'!H23*1000 -> 32.642 | E22: =(N('Raw Data'!G26)+N('Raw Data'!I26))*1000 -> 67.149 | F22: ='Raw Data'!H26*1000 -> 16.358 | G22: =IF(E22=0,0,E22/D22) -> 2.057135 | H22: =IF(E22=0,"no data movement at all",IF(G22>1,"communication exceeds the work","communication is affordable")) -> communication exceeds the work
A23: 7680x4320 | B23: MPI scatter/gather | C23: 3 | D23: ='Raw Data'!H23*1000 -> 32.642 | E23: =(N('Raw Data'!G28)+N('Raw Data'!I28))*1000 -> 79.642 | F23: ='Raw Data'!H28*1000 -> 10.851 | G23: =IF(E23=0,0,E23/D23) -> 2.4398628 | H23: =IF(E23=0,"no data movement at all",IF(G23>1,"communication exceeds the work","communication is affordable")) -> communication exceeds the work
A24: 7680x4320 | B24: MPI scatter/gather | C24: 4 | D24: ='Raw Data'!H23*1000 -> 32.642 | E24: =(N('Raw Data'!G30)+N('Raw Data'!I30))*1000 -> 83.962 | F24: ='Raw Data'!H30*1000 -> 8.226 | G24: =IF(E24=0,0,E24/D24) -> 2.5722076 | H24: =IF(E24=0,"no data movement at all",IF(G24>1,"communication exceeds the work","communication is affordable")) -> communication exceeds the work
A25: 7680x4320 | B25: MPI collective I/O | C25: 1 | D25: ='Raw Data'!H23*1000 -> 32.642 | E25: =(N('Raw Data'!G25)+N('Raw Data'!I25))*1000 -> 0 | F25: ='Raw Data'!H25*1000 -> 32.118 | G25: =IF(E25=0,0,E25/D25) -> 0 | H25: =IF(E25=0,"no data movement at all",IF(G25>1,"communication exceeds the work","communication is affordable")) -> no data movement at all
A26: 7680x4320 | B26: MPI collective I/O | C26: 2 | D26: ='Raw Data'!H23*1000 -> 32.642 | E26: =(N('Raw Data'!G27)+N('Raw Data'!I27))*1000 -> 0 | F26: ='Raw Data'!H27*1000 -> 16.256 | G26: =IF(E26=0,0,E26/D26) -> 0 | H26: =IF(E26=0,"no data movement at all",IF(G26>1,"communication exceeds the work","communication is affordable")) -> no data movement at all
A27: 7680x4320 | B27: MPI collective I/O | C27: 3 | D27: ='Raw Data'!H23*1000 -> 32.642 | E27: =(N('Raw Data'!G29)+N('Raw Data'!I29))*1000 -> 0 | F27: ='Raw Data'!H29*1000 -> 10.876 | G27: =IF(E27=0,0,E27/D27) -> 0 | H27: =IF(E27=0,"no data movement at all",IF(G27>1,"communication exceeds the work","communication is affordable")) -> no data movement at all
A28: 7680x4320 | B28: MPI collective I/O | C28: 4 | D28: ='Raw Data'!H23*1000 -> 32.642 | E28: =(N('Raw Data'!G31)+N('Raw Data'!I31))*1000 -> 0 | F28: ='Raw Data'!H31*1000 -> 8.091 | G28: =IF(E28=0,0,E28/D28) -> 0 | H28: =IF(E28=0,"no data movement at all",IF(G28>1,"communication exceeds the work","communication is affordable")) -> no data movement at all
A30: Rows with zero communication are the MPI-IO path: every rank reads and writes only its own byte range, so no pixel ever crosses a rank boundary.

Sheet MPI Startup Cost
A1: The bill before the first pixel
A2: MPI_Init + MPI_Finalize, measured by tools/mpi_startup.c, best of 3. This cost is EXCLUDED from every timing in this workbook — the timed region starts after MPI_Init — so the speed-ups elsewhere are generous to MPI. Source: logs/01_environment.log
A4: Ranks | B4: Startup (ms) | C4: HD conversion (ms) | D4: Startup / conversion | E4: Meaning
A5: 1 | B5: 291.995 | C5: ='Raw Data'!H5*1000 -> 1.881 | D5: =B5/C5 -> 155.23392 | E5: =TEXT(D5,"0")&"x the entire HD conversion" -> 155x the entire HD conversion
A6: 2 | B6: 327.197 | C6: ='Raw Data'!H5*1000 -> 1.881 | D6: =B6/C6 -> 173.94843 | E6: =TEXT(D6,"0")&"x the entire HD conversion" -> 174x the entire HD conversion
A7: 3 | B7: 364.955 | C7: ='Raw Data'!H5*1000 -> 1.881 | D7: =B7/C7 -> 194.0218 | E7: =TEXT(D7,"0")&"x the entire HD conversion" -> 194x the entire HD conversion
A8: 4 | B8: 391.592 | C8: ='Raw Data'!H5*1000 -> 1.881 | D8: =B8/C8 -> 208.18288 | E8: =TEXT(D8,"0")&"x the entire HD conversion" -> 208x the entire HD conversion
A10: Startup figures are measured inputs (blue). Column C and D are formulas over the Raw Data sheet, so they follow any change to the measured HD compute time.
